<update>
    <name>Stomt 2.0.0</name>
    <description>Stomt 2.0.0</description>
    <element>Stomt</element>
    <type>file</type>
    <version>2.0.0</version>
    <infourl title="stomt">http://www.stomt.com</infourl>
    <downloads>
        <downloadurl type="full" format="zip">https://github.com/stomt/stomt-joomla-extension/blob/master/Stomt.zip
        </downloadurl>
    </downloads>
    <tags>
        <tag>stable</tag>
    </tags>
    <maintainer>jt</maintainer>
    <maintainerurl>http://stomt.com</maintainerurl>
    <section>Bugtracking</section>
    <targetplatform name="joomla" version="1.6"/>
 </update>
